chromosome	start	stop	id	mutated_from	mutated_to	total_reads	variant_reads	annotation	gene_id	methylation_ratio	vaf	location	cancer_type
chr17	40460196	40460197	ICGC_MB107	G	A	42.0	5.0	downstream_gene_variant	ENSG00000126561	0.92	0.11904761904761904	('chr17', 40460196, 40460197)	PBCA
chr19	51628588	51628589	ICGC_MB107	C	T	44.0	27.0	upstream_gene_variant	ENSG00000129450	0.49	0.6136363636363636	('chr19', 51628588, 51628589)	PBCA
chr19	58439284	58439285	ICGC_MB107	G	A	36.0	15.0	synonymous_variant	ENSG00000196724	0.59	0.4166666666666667	('chr19', 58439284, 58439285)	PBCA
chr5	140739892	140739893	ICGC_MB107	G	A	42.0	6.0	intron_variant	ENSG00000254221	0.94	0.14285714285714285	('chr5', 140739892, 140739893)	PBCA
chr8	54882959	54882960	ICGC_MB107	G	A	41.0	15.0	exon_variant	ENSG00000187735	0.61	0.36585365853658536	('chr8', 54882959, 54882960)	PBCA
chr1	3328123	3328124	ICGC_MB112	G	A	31.0	6.0	exon_variant	ENSG00000142611	0.36	0.1935483870967742	('chr1', 3328123, 3328124)	PBCA
chr10	103826527	103826528	ICGC_MB112	C	T	59.0	34.0	missense_variant	ENSG00000166189	0.04	0.576271186440678	('chr10', 103826527, 103826528)	PBCA
chr12	2694652	2694653	ICGC_MB112	C	T	35.0	5.0	synonymous_variant	ENSG00000151067	0.95	0.14285714285714285	('chr12', 2694652, 2694653)	PBCA
chr19	11141425	11141426	ICGC_MB112	C	T	35.0	6.0	missense_variant	ENSG00000127616	0.5	0.17142857142857143	('chr19', 11141425, 11141426)	PBCA
chr2	75109274	75109275	ICGC_MB112	C	T	38.0	8.0	missense_variant	ENSG00000159399	0.61	0.21052631578947367	('chr2', 75109274, 75109275)	PBCA
chr19	38376582	38376583	ICGC_MB113	C	T	55.0	8.0	synonymous_variant	ENSG00000171804	0.65	0.14545454545454545	('chr19', 38376582, 38376583)	PBCA
chr5	22078575	22078576	ICGC_MB113	G	A	46.0	21.0	downstream_gene_variant	ENSG00000154162	0.59	0.45652173913043476	('chr5', 22078575, 22078576)	PBCA
chr12	56077739	56077740	ICGC_MB14	C	T	32.0	4.0	downstream_gene_variant	ENSG00000135424	0.8	0.125	('chr12', 56077739, 56077740)	PBCA
chr14	23243596	23243597	ICGC_MB14	C	T	41.0	13.0	downstream_gene_variant	ENSG00000155463	0.72	0.3170731707317073	('chr14', 23243596, 23243597)	PBCA
chr22	41173062	41173063	ICGC_MB14	G	A	MISSING	MISSING	3_prime_UTR_variant	ENSG00000100372	0.61	MISSING	('chr22', 41173062, 41173063)	PBCA
chr7	11022563	11022564	ICGC_MB14	G	A	22.0	3.0	intron_variant	ENSG00000106443	0.95	0.13636363636363635	('chr7', 11022563, 11022564)	PBCA
chr12	40044125	40044126	ICGC_MB15	G	A	38.0	21.0	missense_variant	ENSG00000180116	0.4	0.5526315789473685	('chr12', 40044125, 40044126)	PBCA
chr3	195517060	195517061	ICGC_MB15	G	A	39.0	15.0	intron_variant	ENSG00000145113	0.65	0.38461538461538464	('chr3', 195517060, 195517061)	PBCA
chr7	129944387	129944388	ICGC_MB15	C	T	24.0	5.0	missense_variant	ENSG00000128510	0.64	0.20833333333333334	('chr7', 129944387, 129944388)	PBCA
chr7	143088716	143088717	ICGC_MB15	C	T	24.0	9.0	downstream_gene_variant	ENSG00000159840	0.71	0.375	('chr7', 143088716, 143088717)	PBCA
chr10	7214536	7214537	ICGC_MB16	G	A	14.0	3.0	missense_variant	ENSG00000198879	0.95	0.21428571428571427	('chr10', 7214536, 7214537)	PBCA
chr3	133119150	133119151	ICGC_MB16	G	A	14.0	3.0	downstream_gene_variant	ENSG00000144868	0.69	0.21428571428571427	('chr3', 133119150, 133119151)	PBCA
chr12	27066477	27066478	ICGC_MB17	G	A	MISSING	MISSING	downstream_gene_variant	ENSG00000064102	0.4	MISSING	('chr12', 27066477, 27066478)	PBCA
chr15	93567690	93567691	ICGC_MB17	G	A	MISSING	MISSING	downstream_gene_variant	ENSG00000173575	0.75	MISSING	('chr15', 93567690, 93567691)	PBCA
chr19	17741003	17741004	ICGC_MB18	C	T	MISSING	MISSING	missense_variant	ENSG00000130477	0.71	MISSING	('chr19', 17741003, 17741004)	PBCA
chr10	116621019	116621020	ICGC_MB19	C	T	24.0	3.0	missense_variant	ENSG00000151553	1.0	0.125	('chr10', 116621019, 116621020)	PBCA
chr20	372040	372041	ICGC_MB19	C	T	17.0	3.0	synonymous_variant	ENSG00000101255	0.77	0.17647058823529413	('chr20', 372040, 372041)	PBCA
chr2	28627103	28627104	ICGC_MB1	G	A	14.0	7.0	missense_variant	ENSG00000075426	0.15	0.5	('chr2', 28627103, 28627104)	PBCA
chr6	33747920	33747921	ICGC_MB24	G	A	29.0	4.0	exon_variant	ENSG00000161904	0.84	0.13793103448275862	('chr6', 33747920, 33747921)	PBCA
chr19	4543725	4543726	ICGC_MB26	C	T	16.0	6.0	downstream_gene_variant	ENSG00000167680	0.78	0.375	('chr19', 4543725, 4543726)	PBCA
chr19	6156560	6156561	ICGC_MB26	C	T	MISSING	MISSING	intron_variant	ENSG00000130377	0.67	MISSING	('chr19', 6156560, 6156561)	PBCA
chr21	34922543	34922544	ICGC_MB26	C	T	29.0	4.0	missense_variant	ENSG00000159140	0.84	0.13793103448275862	('chr21', 34922543, 34922544)	PBCA
chr3	42734319	42734320	ICGC_MB26	C	T	22.0	4.0	exon_variant	ENSG00000010282	0.33	0.18181818181818182	('chr3', 42734319, 42734320)	PBCA
chr4	154624746	154624747	ICGC_MB26	C	T	MISSING	MISSING	stop_gained	ENSG00000137462	0.8	MISSING	('chr4', 154624746, 154624747)	PBCA
chr5	129243979	129243980	ICGC_MB26	C	T	MISSING	MISSING	missense_variant	ENSG00000198108	0.73	MISSING	('chr5', 129243979, 129243980)	PBCA
chr18	48241572	48241573	ICGC_MB34	C	T	38.0	14.0	missense_variant	ENSG00000141639	0.76	0.3684210526315789	('chr18', 48241572, 48241573)	PBCA
chr4	96140150	96140151	ICGC_MB38	C	T	39.0	11.0	synonymous_variant	ENSG00000182168	0.71	0.28205128205128205	('chr4', 96140150, 96140151)	PBCA
chr6	133777747	133777748	ICGC_MB38	C	T	MISSING	MISSING	missense_variant	ENSG00000112319	0.75	MISSING	('chr6', 133777747, 133777748)	PBCA
chr10	50340160	50340161	ICGC_MB39	G	A	MISSING	MISSING	intron_variant	ENSG00000234736	0.71	MISSING	('chr10', 50340160, 50340161)	PBCA
chr5	147516548	147516549	ICGC_MB45	G	A	MISSING	MISSING	missense_variant	ENSG00000133710	0.71	MISSING	('chr5', 147516548, 147516549)	PBCA
chr6	29912041	29912042	ICGC_MB45	G	A	MISSING	MISSING	missense_variant	ENSG00000206503	0.75	MISSING	('chr6', 29912041, 29912042)	PBCA
chr22	19504061	19504062	ICGC_MB46	C	T	MISSING	MISSING	downstream_gene_variant	ENSG00000093009	0.83	MISSING	('chr22', 19504061, 19504062)	PBCA
chr22	31010416	31010417	ICGC_MB46	G	A	19.0	3.0	upstream_gene_variant	ENSG00000185339	0.88	0.15789473684210525	('chr22', 31010416, 31010417)	PBCA
chr10	70332920	70332921	ICGC_MB49	C	T	MISSING	MISSING	stop_gained	ENSG00000138336	0.83	MISSING	('chr10', 70332920, 70332921)	PBCA
chr13	28608086	28608087	ICGC_MB50	C	T	43.0	10.0	exon_variant	ENSG00000122025	0.41	0.23255813953488372	('chr13', 28608086, 28608087)	PBCA
chr22	22153337	22153338	ICGC_MB50	C	T	56.0	6.0	missense_variant	ENSG00000100030	0.81	0.10714285714285714	('chr22', 22153337, 22153338)	PBCA
chr10	30901801	30901802	ICGC_MB6	G	A	40.0	13.0	missense_variant	ENSG00000151033	0.53	0.325	('chr10', 30901801, 30901802)	PBCA
chr16	30779489	30779490	ICGC_MB6	G	A	MISSING	MISSING	downstream_gene_variant	ENSG00000103549	0.77	MISSING	('chr16', 30779489, 30779490)	PBCA
chr16	52553375	52553376	ICGC_MB6	C	T	MISSING	MISSING	intron_variant	ENSG00000103460	0.73	MISSING	('chr16', 52553375, 52553376)	PBCA
chr4	83381191	83381192	ICGC_MB6	C	T	29.0	8.0	synonymous_variant	ENSG00000145293	0.7	0.27586206896551724	('chr4', 83381191, 83381192)	PBCA
chr4	122825610	122825611	ICGC_MB6	C	T	40.0	8.0	missense_variant	ENSG00000138741	0.74	0.2	('chr4', 122825610, 122825611)	PBCA
chr6	76022621	76022622	ICGC_MB6	G	A	MISSING	MISSING	stop_gained	ENSG00000118407	0.83	MISSING	('chr6', 76022621, 76022622)	PBCA
chr1	90049637	90049638	ICGC_MB7	G	A	MISSING	MISSING	downstream_gene_variant	ENSG00000197147	0.81	MISSING	('chr1', 90049637, 90049638)	PBCA
chr17	63049638	63049639	ICGC_MB7	C	T	51.0	7.0	downstream_gene_variant	ENSG00000266598	0.94	0.13725490196078433	('chr17', 63049638, 63049639)	PBCA
chr3	53785872	53785873	ICGC_MB7	C	T	MISSING	MISSING	missense_variant	ENSG00000157388	0.97	MISSING	('chr3', 53785872, 53785873)	PBCA
chr8	144874761	144874762	ICGC_MB88	C	T	19.0	3.0	synonymous_variant	ENSG00000180900	0.9	0.15789473684210525	('chr8', 144874761, 144874762)	PBCA
chr17	15234894	15234895	ICGC_MB95	C	T	34.0	6.0	missense_variant	ENSG00000125409	0.79	0.17647058823529413	('chr17', 15234894, 15234895)	PBCA
chr11	5411451	5411452	ICGC_MB9	G	A	33.0	6.0	intron_variant	ENSG00000167355	0.27	0.18181818181818182	('chr11', 5411451, 5411452)	PBCA
chr17	36958378	36958379	ICGC_MB9	G	A	MISSING	MISSING	upstream_gene_variant	ENSG00000141720	0.83	MISSING	('chr17', 36958378, 36958379)	PBCA
chr22	20128480	20128481	ICGC_MB9	G	A	17.0	4.0	synonymous_variant	ENSG00000099904	0.86	0.23529411764705882	('chr22', 20128480, 20128481)	PBCA
chr8	37732714	37732715	ICGC_MB9	G	A	MISSING	MISSING	missense_variant	ENSG00000156675	0.78	MISSING	('chr8', 37732714, 37732715)	PBCA
chr10	18828549	18828550	tumor_4105105	G	A	37.0	12.0	missense_variant	ENSG00000165995	0.58	0.32432432432432434	('chr10', 18828549, 18828550)	MALY
chr11	64572568	64572569	tumor_4105105	C	T	21.0	6.0	synonymous_variant	ENSG00000133895	0.45	0.2857142857142857	('chr11', 64572568, 64572569)	MALY
chr12	104081963	104081964	tumor_4105105	G	A	47.0	20.0	missense_variant	ENSG00000136011	0.53	0.425531914893617	('chr12', 104081963, 104081964)	MALY
chr17	15217425	15217426	tumor_4105105	C	T	21.0	8.0	3_prime_UTR_variant	ENSG00000125409	0.55	0.38095238095238093	('chr17', 15217425, 15217426)	MALY
chr9	18777238	18777239	tumor_4105105	C	T	28.0	14.0	synonymous_variant	ENSG00000178031	0.46	0.5	('chr9', 18777238, 18777239)	MALY
chr1	201383723	201383724	tumor_4112512	G	A	39.0	11.0	synonymous_variant	ENSG00000159173	0.54	0.28205128205128205	('chr1', 201383723, 201383724)	MALY
chr11	7950064	7950065	tumor_4112512	C	T	22.0	7.0	missense_variant	ENSG00000175393	0.04	0.3181818181818182	('chr11', 7950064, 7950065)	MALY
chr14	51387754	51387755	tumor_4112512	C	T	36.0	16.0	missense_variant	ENSG00000100504	0.35	0.4444444444444444	('chr14', 51387754, 51387755)	MALY
chr16	1035072	1035073	tumor_4112512	C	T	34.0	14.0	upstream_gene_variant	ENSG00000260807	0.48	0.4117647058823529	('chr16', 1035072, 1035073)	MALY
chr17	7577547	7577548	tumor_4112512	C	T	41.0	20.0	missense_variant	ENSG00000141510	0.63	0.4878048780487805	('chr17', 7577547, 7577548)	MALY
chr19	11144145	11144146	tumor_4112512	C	T	36.0	13.0	missense_variant	ENSG00000127616	0.65	0.3611111111111111	('chr19', 11144145, 11144146)	MALY
chr20	43726431	43726432	tumor_4112512	G	A	39.0	19.0	synonymous_variant	ENSG00000124134	0.14	0.48717948717948717	('chr20', 43726431, 43726432)	MALY
chr21	28306999	28307000	tumor_4112512	C	T	40.0	20.0	missense_variant	ENSG00000154736	0.35	0.5	('chr21', 28306999, 28307000)	MALY
chr22	50316905	50316906	tumor_4112512	C	T	42.0	17.0	exon_variant	ENSG00000184164	0.71	0.40476190476190477	('chr22', 50316905, 50316906)	MALY
chr10	118313240	118313241	tumor_4119027	G	A	20.0	14.0	splice_region_variant	ENSG00000175535	0.6	0.7	('chr10', 118313240, 118313241)	MALY
chr13	41240288	41240289	tumor_4119027	G	A	18.0	7.0	missense_variant	ENSG00000150907	0.03	0.3888888888888889	('chr13', 41240288, 41240289)	MALY
chr15	89383363	89383364	tumor_4119027	C	T	20.0	8.0	synonymous_variant	ENSG00000157766	0.52	0.4	('chr15', 89383363, 89383364)	MALY
chr16	2230621	2230622	tumor_4119027	C	T	16.0	9.0	downstream_gene_variant	ENSG00000131653	0.5	0.5625	('chr16', 2230621, 2230622)	MALY
chr17	74733233	74733234	tumor_4119027	G	A	23.0	12.0	upstream_gene_variant	ENSG00000092931	0.04	0.5217391304347826	('chr17', 74733233, 74733234)	MALY
chr19	47342809	47342810	tumor_4119027	C	T	35.0	13.0	missense_variant	ENSG00000042753	0.54	0.37142857142857144	('chr19', 47342809, 47342810)	MALY
chr22	32625219	32625220	tumor_4119027	C	T	27.0	13.0	intron_variant	ENSG00000242082	0.55	0.48148148148148145	('chr22', 32625219, 32625220)	MALY
chr5	82834948	82834949	tumor_4119027	G	A	45.0	15.0	missense_variant	ENSG00000038427	0.65	0.3333333333333333	('chr5', 82834948, 82834949)	MALY
chr6	36463627	36463628	tumor_4119027	G	A	29.0	17.0	downstream_gene_variant	ENSG00000112078	0.5	0.5862068965517241	('chr6', 36463627, 36463628)	MALY
chr7	111379263	111379264	tumor_4119027	G	A	49.0	26.0	stop_gained	ENSG00000128512	0.42	0.5306122448979592	('chr7', 111379263, 111379264)	MALY
chr1	12062150	12062151	tumor_4121361	G	A	38.0	7.0	missense_variant	ENSG00000116688	0.68	0.18421052631578946	('chr1', 12062150, 12062151)	MALY
chr1	16534444	16534445	tumor_4121361	G	A	26.0	4.0	upstream_gene_variant	ENSG00000142632	0.79	0.15384615384615385	('chr1', 16534444, 16534445)	MALY
chr1	201984380	201984381	tumor_4121361	G	A	38.0	8.0	downstream_gene_variant	ENSG00000163435	0.79	0.21052631578947367	('chr1', 201984380, 201984381)	MALY
chr1	208390894	208390895	tumor_4121361	G	A	32.0	5.0	missense_variant	ENSG00000076356	0.47	0.15625	('chr1', 208390894, 208390895)	MALY
chr10	82034294	82034295	tumor_4121361	G	A	27.0	6.0	exon_variant	ENSG00000151224	0.67	0.2222222222222222	('chr10', 82034294, 82034295)	MALY
chr12	10954529	10954530	tumor_4121361	G	A	27.0	5.0	downstream_gene_variant	ENSG00000121314	0.6	0.18518518518518517	('chr12', 10954529, 10954530)	MALY
chr12	53343265	53343266	tumor_4121361	C	T	39.0	6.0	exon_variant	ENSG00000170421	0.41	0.15384615384615385	('chr12', 53343265, 53343266)	MALY
chr12	75601468	75601469	tumor_4121361	C	T	32.0	5.0	missense_variant	ENSG00000166006	0.5	0.15625	('chr12', 75601468, 75601469)	MALY
chr13	34392357	34392358	tumor_4121361	C	T	35.0	5.0	missense_variant	ENSG00000133119	0.0	0.14285714285714285	('chr13', 34392357, 34392358)	MALY
chr15	92981819	92981820	tumor_4121361	C	T	29.0	5.0	synonymous_variant	ENSG00000140557	0.36	0.1724137931034483	('chr15', 92981819, 92981820)	MALY
chr16	683972	683973	tumor_4121361	C	T	35.0	9.0	downstream_gene_variant	ENSG00000130731	0.72	0.2571428571428571	('chr16', 683972, 683973)	MALY
chr17	9559766	9559767	tumor_4121361	C	T	33.0	5.0	synonymous_variant	ENSG00000154914	0.62	0.15151515151515152	('chr17', 9559766, 9559767)	MALY
chr17	41956768	41956769	tumor_4121361	C	T	44.0	10.0	downstream_gene_variant	ENSG00000108852	0.49	0.22727272727272727	('chr17', 41956768, 41956769)	MALY
chr19	38993210	38993211	tumor_4121361	C	T	17.0	6.0	missense_variant	ENSG00000196218	0.79	0.35294117647058826	('chr19', 38993210, 38993211)	MALY
chr20	37356529	37356530	tumor_4121361	G	A	50.0	6.0	missense_variant	ENSG00000101438	0.29	0.12	('chr20', 37356529, 37356530)	MALY
chr20	48558132	48558133	tumor_4121361	C	T	34.0	5.0	upstream_gene_variant	ENSG00000239157	0.72	0.14705882352941177	('chr20', 48558132, 48558133)	MALY
chr3	13661311	13661312	tumor_4121361	G	A	39.0	5.0	synonymous_variant	ENSG00000163520	0.88	0.1282051282051282	('chr3', 13661311, 13661312)	MALY
chr4	125593271	125593272	tumor_4121361	C	T	31.0	4.0	missense_variant	ENSG00000151458	0.82	0.12903225806451613	('chr4', 125593271, 125593272)	MALY
chr6	7585021	7585022	tumor_4121361	G	A	32.0	5.0	synonymous_variant	ENSG00000096696	0.86	0.15625	('chr6', 7585021, 7585022)	MALY
chr1	3428568	3428569	tumor_4125240	C	T	11.0	6.0	splice_donor_variant	ENSG00000162591	0.45	0.5454545454545454	('chr1', 3428568, 3428569)	MALY
chr10	125557566	125557567	tumor_4125240	G	A	25.0	10.0	missense_variant	ENSG00000121898	0.32	0.4	('chr10', 125557566, 125557567)	MALY
chr11	56344659	56344660	tumor_4125240	C	T	19.0	10.0	missense_variant	ENSG00000254834	0.39	0.5263157894736842	('chr11', 56344659, 56344660)	MALY
chr11	64031499	64031500	tumor_4125240	G	A	7.0	3.0	synonymous_variant	ENSG00000149782	0.57	0.42857142857142855	('chr11', 64031499, 64031500)	MALY
chr16	4312643	4312644	tumor_4125240	G	A	16.0	7.0	exon_variant	ENSG00000090447	0.76	0.4375	('chr16', 4312643, 4312644)	MALY
chr17	74395627	74395628	tumor_4125240	C	T	8.0	6.0	exon_variant	ENSG00000175931	0.64	0.75	('chr17', 74395627, 74395628)	MALY
chr20	39990338	39990339	tumor_4125240	G	A	11.0	4.0	downstream_gene_variant	ENSG00000132793	0.46	0.36363636363636365	('chr20', 39990338, 39990339)	MALY
chr21	47552150	47552151	tumor_4125240	G	A	7.0	4.0	downstream_gene_variant	ENSG00000160282	0.54	0.5714285714285714	('chr21', 47552150, 47552151)	MALY
chr7	4153868	4153869	tumor_4125240	G	A	14.0	7.0	synonymous_variant	ENSG00000146555	0.61	0.5	('chr7', 4153868, 4153869)	MALY
chr1	1153167	1153168	tumor_4133511	G	A	29.0	16.0	intron_variant	ENSG00000078808	0.61	0.5517241379310345	('chr1', 1153167, 1153168)	MALY
chr17	38953213	38953214	tumor_4133511	C	T	24.0	13.0	missense_variant	ENSG00000173908	0.1	0.5416666666666666	('chr17', 38953213, 38953214)	MALY
chr19	2851613	2851614	tumor_4133511	C	T	35.0	12.0	synonymous_variant	ENSG00000186300	0.59	0.34285714285714286	('chr19', 2851613, 2851614)	MALY
chr19	9056232	9056233	tumor_4133511	C	T	29.0	11.0	missense_variant	ENSG00000181143	0.23	0.3793103448275862	('chr19', 9056232, 9056233)	MALY
chr6	36343713	36343714	tumor_4133511	C	T	38.0	31.0	missense_variant	ENSG00000010030	0.17	0.8157894736842105	('chr6', 36343713, 36343714)	MALY
chr1	57481087	57481088	tumor_4134005	G	A	31.0	4.0	synonymous_variant	ENSG00000173406	0.75	0.12903225806451613	('chr1', 57481087, 57481088)	MALY
chr1	99730141	99730142	tumor_4134005	C	T	32.0	12.0	missense_variant	ENSG00000117600	0.22	0.375	('chr1', 99730141, 99730142)	MALY
chr1	228553824	228553825	tumor_4134005	G	A	40.0	18.0	missense_variant	ENSG00000154358	0.94	0.45	('chr1', 228553824, 228553825)	MALY
chr11	121476196	121476197	tumor_4134005	C	T	34.0	6.0	missense_variant	ENSG00000137642	0.89	0.17647058823529413	('chr11', 121476196, 121476197)	MALY
chr12	49420212	49420213	tumor_4134005	C	T	27.0	12.0	missense_variant	ENSG00000167548	0.92	0.4444444444444444	('chr12', 49420212, 49420213)	MALY
chr16	77389898	77389899	tumor_4134005	G	A	19.0	13.0	3_prime_UTR_variant	ENSG00000140873	0.95	0.6842105263157895	('chr16', 77389898, 77389899)	MALY
chr16	88901658	88901659	tumor_4134005	G	A	26.0	8.0	downstream_gene_variant	ENSG00000141012	0.99	0.3076923076923077	('chr16', 88901658, 88901659)	MALY
chr19	17571644	17571645	tumor_4134005	G	A	26.0	15.0	upstream_gene_variant	ENSG00000269035	0.96	0.5769230769230769	('chr19', 17571644, 17571645)	MALY
chr22	43618743	43618744	tumor_4134005	C	T	24.0	6.0	synonymous_variant	ENSG00000159307	0.74	0.25	('chr22', 43618743, 43618744)	MALY
chr22	46793715	46793716	tumor_4134005	G	A	30.0	9.0	synonymous_variant	ENSG00000075275	0.94	0.3	('chr22', 46793715, 46793716)	MALY
chr7	121773698	121773699	tumor_4134005	C	T	33.0	15.0	missense_variant	ENSG00000008311	0.91	0.45454545454545453	('chr7', 121773698, 121773699)	MALY
chr8	1949757	1949758	tumor_4134005	G	A	8.0	4.0	missense_variant	ENSG00000176595	0.36	0.5	('chr8', 1949757, 1949758)	MALY
chr8	11706598	11706599	tumor_4134005	C	T	31.0	8.0	downstream_gene_variant	ENSG00000164733	0.8	0.25806451612903225	('chr8', 11706598, 11706599)	MALY
chr8	145024813	145024814	tumor_4134005	G	A	37.0	10.0	upstream_gene_variant	ENSG00000178209	0.17	0.2702702702702703	('chr8', 145024813, 145024814)	MALY
chr9	140040307	140040308	tumor_4134005	C	T	31.0	15.0	missense_variant	ENSG00000176884	0.57	0.4838709677419355	('chr9', 140040307, 140040308)	MALY
chr1	101705329	101705330	tumor_4142267	G	A	23.0	12.0	upstream_gene_variant	ENSG00000225938	0.47	0.5217391304347826	('chr1', 101705329, 101705330)	MALY
chr3	185978294	185978295	tumor_4142267	G	A	31.0	9.0	missense_variant	ENSG00000058866	0.61	0.2903225806451613	('chr3', 185978294, 185978295)	MALY
chr16	31500356	31500357	tumor_4158726	C	T	35.0	8.0	downstream_gene_variant	ENSG00000140675	0.64	0.22857142857142856	('chr16', 31500356, 31500357)	MALY
chr19	11141491	11141492	tumor_4158726	C	T	31.0	8.0	upstream_gene_variant	ENSG00000127616	0.72	0.25806451612903225	('chr19', 11141491, 11141492)	MALY
chr19	35551258	35551259	tumor_4158726	C	T	31.0	6.0	downstream_gene_variant	ENSG00000105707	0.57	0.1935483870967742	('chr19', 35551258, 35551259)	MALY
chr19	50102628	50102629	tumor_4158726	G	A	31.0	10.0	missense_variant	ENSG00000126464	0.63	0.3225806451612903	('chr19', 50102628, 50102629)	MALY
chr22	23524068	23524069	tumor_4158726	C	T	25.0	6.0	intron_variant	ENSG00000186716	0.51	0.24	('chr22', 23524068, 23524069)	MALY
chr6	138753272	138753273	tumor_4158726	G	A	34.0	7.0	downstream_gene_variant	ENSG00000135540	0.75	0.20588235294117646	('chr6', 138753272, 138753273)	MALY
chr9	14088264	14088265	tumor_4158726	C	T	41.0	7.0	3_prime_UTR_variant	ENSG00000147862	0.55	0.17073170731707318	('chr9', 14088264, 14088265)	MALY
chr1	173915674	173915675	tumor_4159170	C	T	36.0	10.0	missense_variant	ENSG00000135870	0.43	0.2777777777777778	('chr1', 173915674, 173915675)	MALY
chr14	23884311	23884312	tumor_4159170	C	T	40.0	9.0	upstream_gene_variant	ENSG00000258444	0.64	0.225	('chr14', 23884311, 23884312)	MALY
chr15	63335102	63335103	tumor_4159170	G	A	13.0	4.0	downstream_gene_variant	ENSG00000259498	0.0	0.3076923076923077	('chr15', 63335102, 63335103)	MALY
chr19	47951333	47951334	tumor_4159170	C	T	16.0	5.0	intron_variant	ENSG00000118160	0.43	0.3125	('chr19', 47951333, 47951334)	MALY
chr2	175431879	175431880	tumor_4159170	C	T	57.0	30.0	downstream_gene_variant	ENSG00000115935	0.45	0.5263157894736842	('chr2', 175431879, 175431880)	MALY
chr21	31864263	31864264	tumor_4159170	G	A	44.0	16.0	downstream_gene_variant	ENSG00000186967	0.56	0.36363636363636365	('chr21', 31864263, 31864264)	MALY
chr4	37448296	37448297	tumor_4159170	G	A	30.0	7.0	missense_variant	ENSG00000174145	0.76	0.23333333333333334	('chr4', 37448296, 37448297)	MALY
chr4	158254055	158254056	tumor_4159170	G	A	35.0	4.0	exon_variant	ENSG00000120251	0.16	0.11428571428571428	('chr4', 158254055, 158254056)	MALY
chr1	183083772	183083773	tumor_4175837	G	A	20.0	4.0	downstream_gene_variant	ENSG00000135862	0.76	0.2	('chr1', 183083772, 183083773)	MALY
chr13	107145606	107145607	tumor_4175837	C	T	27.0	4.0	synonymous_variant	ENSG00000125266	0.81	0.14814814814814814	('chr13', 107145606, 107145607)	MALY
chr15	45389857	45389858	tumor_4175837	C	T	23.0	7.0	downstream_gene_variant	ENSG00000140279	0.41	0.30434782608695654	('chr15', 45389857, 45389858)	MALY
chr15	64017518	64017519	tumor_4175837	G	A	48.0	9.0	intron_variant	ENSG00000103657	0.93	0.1875	('chr15', 64017518, 64017519)	MALY
chr18	3879723	3879724	tumor_4175837	G	A	24.0	5.0	upstream_gene_variant	ENSG00000170579	0.89	0.20833333333333334	('chr18', 3879723, 3879724)	MALY
chr19	1044626	1044627	tumor_4175837	C	T	19.0	4.0	missense_variant	ENSG00000064687	0.76	0.21052631578947367	('chr19', 1044626, 1044627)	MALY
chr19	3783946	3783947	tumor_4175837	G	A	25.0	7.0	downstream_gene_variant	ENSG00000007264	0.8	0.28	('chr19', 3783946, 3783947)	MALY
chr4	166231810	166231811	tumor_4175837	C	T	30.0	7.0	synonymous_variant	ENSG00000109466	0.78	0.23333333333333334	('chr4', 166231810, 166231811)	MALY
chr6	34512223	34512224	tumor_4175837	G	A	24.0	6.0	synonymous_variant	ENSG00000124664	0.67	0.25	('chr6', 34512223, 34512224)	MALY
chr7	71571178	71571179	tumor_4175837	G	A	21.0	4.0	synonymous_variant	ENSG00000183166	0.51	0.19047619047619047	('chr7', 71571178, 71571179)	MALY
chr1	229567887	229567888	tumor_4177376	C	T	20.0	7.0	missense_variant	ENSG00000143632	0.25	0.35	('chr1', 229567887, 229567888)	MALY
chr13	52511477	52511478	tumor_4177376	G	A	33.0	7.0	stop_gained	ENSG00000123191	0.71	0.21212121212121213	('chr13', 52511477, 52511478)	MALY
chr14	94394800	94394801	tumor_4177376	G	A	18.0	4.0	missense_variant	ENSG00000140067	0.6	0.2222222222222222	('chr14', 94394800, 94394801)	MALY
chr16	29999224	29999225	tumor_4177376	G	A	17.0	7.0	missense_variant	ENSG00000149930	0.67	0.4117647058823529	('chr16', 29999224, 29999225)	MALY
chr16	84005761	84005762	tumor_4177376	C	T	22.0	6.0	missense_variant	ENSG00000103154	0.69	0.2727272727272727	('chr16', 84005761, 84005762)	MALY
chr19	33697218	33697219	tumor_4177376	G	A	24.0	7.0	downstream_gene_variant	ENSG00000130876	0.69	0.2916666666666667	('chr19', 33697218, 33697219)	MALY
chr22	37770716	37770717	tumor_4177376	C	T	27.0	8.0	downstream_gene_variant	ENSG00000166897	0.7	0.2962962962962963	('chr22', 37770716, 37770717)	MALY
chr3	183955081	183955082	tumor_4177376	C	T	29.0	13.0	synonymous_variant	ENSG00000145198	0.44	0.4482758620689655	('chr3', 183955081, 183955082)	MALY
chr4	187078814	187078815	tumor_4177376	C	T	21.0	6.0	downstream_gene_variant	ENSG00000109794	0.74	0.2857142857142857	('chr4', 187078814, 187078815)	MALY
chr9	14807977	14807978	tumor_4177376	C	T	22.0	5.0	exon_variant	ENSG00000164946	0.57	0.22727272727272727	('chr9', 14807977, 14807978)	MALY
chr9	118950238	118950239	tumor_4177376	C	T	25.0	7.0	upstream_gene_variant	ENSG00000182752	0.79	0.28	('chr9', 118950238, 118950239)	MALY
chr15	73996065	73996066	tumor_4177434	G	A	19.0	8.0	downstream_gene_variant	ENSG00000103855	0.48	0.42105263157894735	('chr15', 73996065, 73996066)	MALY
chr19	38942435	38942436	tumor_4177434	C	T	32.0	15.0	synonymous_variant	ENSG00000196218	0.62	0.46875	('chr19', 38942435, 38942436)	MALY
chr3	120469648	120469649	tumor_4177434	G	A	40.0	18.0	downstream_gene_variant	ENSG00000153767	0.5	0.45	('chr3', 120469648, 120469649)	MALY
chr1	158325254	158325255	tumor_4177856	G	A	41.0	16.0	intron_variant	ENSG00000158488	0.07	0.3902439024390244	('chr1', 158325254, 158325255)	MALY
chr1	164789408	164789409	tumor_4177856	C	T	39.0	19.0	intron_variant	ENSG00000185630	0.09	0.48717948717948717	('chr1', 164789408, 164789409)	MALY
chr13	49833559	49833560	tumor_4177856	G	A	37.0	16.0	intron_variant	ENSG00000102543	0.59	0.43243243243243246	('chr13', 49833559, 49833560)	MALY
chr14	71197431	71197432	tumor_4177856	G	A	24.0	11.0	missense_variant	ENSG00000006432	0.54	0.4583333333333333	('chr14', 71197431, 71197432)	MALY
chr16	16278885	16278886	tumor_4177856	C	T	39.0	18.0	exon_variant	ENSG00000091262	0.12	0.46153846153846156	('chr16', 16278885, 16278886)	MALY
chr17	27449269	27449270	tumor_4177856	G	A	30.0	17.0	upstream_gene_variant	ENSG00000196535	0.55	0.5666666666666667	('chr17', 27449269, 27449270)	MALY
chr17	48653095	48653096	tumor_4177856	C	T	27.0	15.0	downstream_gene_variant	ENSG00000006283	0.14	0.5555555555555556	('chr17', 48653095, 48653096)	MALY
chr18	72999670	72999671	tumor_4177856	C	T	22.0	12.0	exon_variant	ENSG00000179981	0.45	0.5454545454545454	('chr18', 72999670, 72999671)	MALY
chr19	10503761	10503762	tumor_4177856	G	A	38.0	17.0	synonymous_variant	ENSG00000105401	0.42	0.4473684210526316	('chr19', 10503761, 10503762)	MALY
chr19	11144112	11144113	tumor_4177856	G	A	35.0	20.0	missense_variant	ENSG00000127616	0.42	0.5714285714285714	('chr19', 11144112, 11144113)	MALY
chr19	13879786	13879787	tumor_4177856	G	A	32.0	14.0	downstream_gene_variant	ENSG00000037757	0.52	0.4375	('chr19', 13879786, 13879787)	MALY
chr20	31629804	31629805	tumor_4177856	C	T	33.0	22.0	3_prime_UTR_variant	ENSG00000167104	0.49	0.6666666666666666	('chr20', 31629804, 31629805)	MALY
chr5	90261270	90261271	tumor_4177856	G	A	26.0	10.0	missense_variant	ENSG00000164199	0.68	0.38461538461538464	('chr5', 90261270, 90261271)	MALY
chr6	32726771	32726772	tumor_4177856	G	A	54.0	7.0	synonymous_variant	ENSG00000232629	0.75	0.12962962962962962	('chr6', 32726771, 32726772)	MALY
chr1	204957877	204957878	tumor_4182393	C	T	36.0	22.0	missense_variant	ENSG00000163531	0.43	0.6111111111111112	('chr1', 204957877, 204957878)	MALY
chr1	237754039	237754040	tumor_4182393	G	A	23.0	10.0	missense_variant	ENSG00000198626	0.52	0.43478260869565216	('chr1', 237754039, 237754040)	MALY
chr6	13978012	13978013	tumor_4182393	G	A	26.0	12.0	synonymous_variant	ENSG00000180537	0.42	0.46153846153846156	('chr6', 13978012, 13978013)	MALY
chr8	3057308	3057309	tumor_4182393	C	T	27.0	12.0	synonymous_variant	ENSG00000183117	0.48	0.4444444444444444	('chr8', 3057308, 3057309)	MALY
chr8	128748852	128748853	tumor_4182393	G	A	24.0	11.0	upstream_gene_variant	ENSG00000249375	0.0	0.4583333333333333	('chr8', 128748852, 128748853)	MALY
chr1	16256527	16256528	tumor_4188900	C	T	31.0	5.0	stop_gained	ENSG00000065526	0.88	0.16129032258064516	('chr1', 16256527, 16256528)	MALY
chr1	16558661	16558662	tumor_4188900	C	T	15.0	4.0	upstream_gene_variant	ENSG00000237276	0.58	0.26666666666666666	('chr1', 16558661, 16558662)	MALY
chr1	208252702	208252703	tumor_4188900	G	A	15.0	4.0	missense_variant	ENSG00000076356	0.79	0.26666666666666666	('chr1', 208252702, 208252703)	MALY
chr11	47367847	47367848	tumor_4188900	C	T	32.0	5.0	exon_variant	ENSG00000134571	0.69	0.15625	('chr11', 47367847, 47367848)	MALY
chr11	66133687	66133688	tumor_4188900	C	T	19.0	5.0	downstream_gene_variant	ENSG00000255468	0.85	0.2631578947368421	('chr11', 66133687, 66133688)	MALY
chr12	100200333	100200334	tumor_4188900	G	A	34.0	7.0	missense_variant	ENSG00000185046	0.5	0.20588235294117646	('chr12', 100200333, 100200334)	MALY
chr14	96703494	96703495	tumor_4188900	C	T	31.0	12.0	5_prime_UTR_premature_start_codon_gain_variant	ENSG00000168398	0.42	0.3870967741935484	('chr14', 96703494, 96703495)	MALY
chr2	141459401	141459402	tumor_4188900	G	A	28.0	9.0	synonymous_variant	ENSG00000168702	0.17	0.32142857142857145	('chr2', 141459401, 141459402)	MALY
chr6	32552025	32552026	tumor_4188900	C	T	12.0	6.0	missense_variant	ENSG00000196126	0.47	0.5	('chr6', 32552025, 32552026)	MALY
chr8	139180250	139180251	tumor_4188900	G	A	28.0	8.0	exon_variant	ENSG00000147724	0.6	0.2857142857142857	('chr8', 139180250, 139180251)	MALY
chr1	3638725	3638726	tumor_4189200	G	A	25.0	12.0	missense_variant	ENSG00000078900	0.55	0.48	('chr1', 3638725, 3638726)	MALY
chr1	55100376	55100377	tumor_4189200	G	A	35.0	12.0	missense_variant	ENSG00000162390	0.28	0.34285714285714286	('chr1', 55100376, 55100377)	MALY
chr1	186113348	186113349	tumor_4189200	G	A	25.0	6.0	missense_variant	ENSG00000143341	0.5	0.24	('chr1', 186113348, 186113349)	MALY
chr1	204083544	204083545	tumor_4189200	C	T	51.0	9.0	stop_gained	ENSG00000143842	0.21	0.17647058823529413	('chr1', 204083544, 204083545)	MALY
chr5	135188430	135188431	tumor_4189200	C	T	26.0	6.0	3_prime_UTR_variant	ENSG00000145832	0.56	0.23076923076923078	('chr5', 135188430, 135188431)	MALY
chr1	221057715	221057716	tumor_4189998	C	T	29.0	17.0	synonymous_variant	ENSG00000136630	0.34	0.5862068965517241	('chr1', 221057715, 221057716)	MALY
chr10	101180556	101180557	tumor_4189998	G	A	47.0	23.0	exon_variant	ENSG00000120053	0.63	0.48936170212765956	('chr10', 101180556, 101180557)	MALY
chr2	9520890	9520891	tumor_4189998	C	T	35.0	17.0	missense_variant	ENSG00000151693	0.5	0.4857142857142857	('chr2', 9520890, 9520891)	MALY
chr2	230456429	230456430	tumor_4189998	G	A	42.0	13.0	stop_gained	ENSG00000187957	0.05	0.30952380952380953	('chr2', 230456429, 230456430)	MALY
chr3	123359325	123359326	tumor_4189998	G	A	26.0	14.0	missense_variant	ENSG00000065534	0.56	0.5384615384615384	('chr3', 123359325, 123359326)	MALY
chr8	144808632	144808633	tumor_4189998	G	A	35.0	16.0	downstream_gene_variant	ENSG00000181085	0.46	0.45714285714285713	('chr8', 144808632, 144808633)	MALY
chr1	112524471	112524472	tumor_4190495	G	A	6.0	6.0	missense_variant	ENSG00000171385	0.5	1.0	('chr1', 112524471, 112524472)	MALY
chr1	150255880	150255881	tumor_4190495	G	A	28.0	15.0	downstream_gene_variant	ENSG00000118292	0.29	0.5357142857142857	('chr1', 150255880, 150255881)	MALY
chr12	53685588	53685589	tumor_4190495	G	A	34.0	13.0	upstream_gene_variant	ENSG00000123349	0.34	0.38235294117647056	('chr12', 53685588, 53685589)	MALY
chr14	23635738	23635739	tumor_4190495	G	A	27.0	16.0	synonymous_variant	ENSG00000092068	0.62	0.5925925925925926	('chr14', 23635738, 23635739)	MALY
chr20	1895834	1895835	tumor_4190495	C	T	15.0	3.0	missense_variant	ENSG00000198053	0.0	0.2	('chr20', 1895834, 1895835)	MALY
chr8	27516391	27516392	tumor_4190495	C	T	17.0	8.0	synonymous_variant	ENSG00000168077	0.22	0.47058823529411764	('chr8', 27516391, 27516392)	MALY
chr1	1374578	1374579	tumor_4193278	C	T	23.0	12.0	downstream_gene_variant	ENSG00000179403	0.2	0.5217391304347826	('chr1', 1374578, 1374579)	MALY
chr1	162536077	162536078	tumor_4193278	C	T	30.0	16.0	stop_gained	ENSG00000117143	0.6	0.5333333333333333	('chr1', 162536077, 162536078)	MALY
chr11	5289728	5289729	tumor_4193278	G	A	27.0	9.0	synonymous_variant	ENSG00000213931	0.61	0.3333333333333333	('chr11', 5289728, 5289729)	MALY
chr7	73118690	73118691	tumor_4193278	G	A	22.0	11.0	missense_variant	ENSG00000106089	0.64	0.5	('chr7', 73118690, 73118691)	MALY
chr9	100857247	100857248	tumor_4193278	C	T	37.0	21.0	missense_variant	ENSG00000106785	0.48	0.5675675675675675	('chr9', 100857247, 100857248)	MALY
chr10	89717671	89717672	tumor_4194218	C	T	52.0	31.0	stop_gained	ENSG00000171862	0.52	0.5961538461538461	('chr10', 89717671, 89717672)	MALY
chr17	76972183	76972184	tumor_4194218	C	T	31.0	11.0	3_prime_UTR_variant	ENSG00000108679	0.15	0.3548387096774194	('chr17', 76972183, 76972184)	MALY
chr19	11134250	11134251	tumor_4194218	C	T	38.0	16.0	missense_variant	ENSG00000127616	0.51	0.42105263157894735	('chr19', 11134250, 11134251)	MALY
chr2	11758588	11758589	tumor_4194218	G	A	29.0	6.0	synonymous_variant	ENSG00000196208	0.61	0.20689655172413793	('chr2', 11758588, 11758589)	MALY
chr2	73474996	73474997	tumor_4194218	C	T	46.0	17.0	synonymous_variant	ENSG00000135624	0.54	0.3695652173913043	('chr2', 73474996, 73474997)	MALY
chr8	143413180	143413181	tumor_4194218	C	T	34.0	13.0	missense_variant	ENSG00000171045	0.09	0.38235294117647056	('chr8', 143413180, 143413181)	MALY
chr1	23848403	23848404	tumor_4194891	C	T	24.0	22.0	missense_variant	ENSG00000007968	0.33	0.9166666666666666	('chr1', 23848403, 23848404)	MALY
chr16	4312618	4312619	tumor_4194891	C	T	19.0	6.0	exon_variant	ENSG00000090447	0.6	0.3157894736842105	('chr16', 4312618, 4312619)	MALY
chr17	7577537	7577538	tumor_4194891	C	T	30.0	11.0	upstream_gene_variant	ENSG00000141510	0.51	0.36666666666666664	('chr17', 7577537, 7577538)	MALY
chr4	6293719	6293720	tumor_4194891	C	T	27.0	5.0	synonymous_variant	ENSG00000109501	0.85	0.18518518518518517	('chr4', 6293719, 6293720)	MALY
chr5	5463515	5463516	tumor_4194891	G	A	32.0	13.0	missense_variant	ENSG00000164151	0.64	0.40625	('chr5', 5463515, 5463516)	MALY
